{
  "hash": "6e1baf9b",
  "browserHash": "95d6e96c",
  "optimized": {
    "@angular/common": {
      "src": "../../../../../node_modules/@angular/common/fesm2022/common.mjs",
      "file": "@angular_common.js",
      "fileHash": "9e1647dd",
      "needsInterop": false
    },
    "@angular/common/http": {
      "src": "../../../../../node_modules/@angular/common/fesm2022/http.mjs",
      "file": "@angular_common_http.js",
      "fileHash": "2ca52582",
      "needsInterop": false
    },
    "@angular/core": {
      "src": "../../../../../node_modules/@angular/core/fesm2022/core.mjs",
      "file": "@angular_core.js",
      "fileHash": "c40b31cd",
      "needsInterop": false
    },
    "@angular/forms": {
      "src": "../../../../../node_modules/@angular/forms/fesm2022/forms.mjs",
      "file": "@angular_forms.js",
      "fileHash": "769e1ac6",
      "needsInterop": false
    },
    "@angular/platform-browser": {
      "src": "../../../../../node_modules/@angular/platform-browser/fesm2022/platform-browser.mjs",
      "file": "@angular_platform-browser.js",
      "fileHash": "1c1f795d",
      "needsInterop": false
    },
    "@angular/router": {
      "src": "../../../../../node_modules/@angular/router/fesm2022/router.mjs",
      "file": "@angular_router.js",
      "fileHash": "7e85f9e1",
      "needsInterop": false
    },
    "@ng-bootstrap/ng-bootstrap": {
      "src": "../../../../../node_modules/@ng-bootstrap/ng-bootstrap/fesm2022/ng-bootstrap.mjs",
      "file": "@ng-bootstrap_ng-bootstrap.js",
      "fileHash": "0a21e8b7",
      "needsInterop": false
    },
    "rxjs": {
      "src": "../../../../../node_modules/rxjs/dist/esm5/index.js",
      "file": "rxjs.js",
      "fileHash": "330c578a",
      "needsInterop": false
    },
    "rxjs/operators": {
      "src": "../../../../../node_modules/rxjs/dist/esm5/operators/index.js",
      "file": "rxjs_operators.js",
      "fileHash": "5fc32d35",
      "needsInterop": false
    }
  },
  "chunks": {
    "chunk-CV33DFH4": {
      "file": "chunk-CV33DFH4.js"
    },
    "chunk-ZWE3ZXX4": {
      "file": "chunk-ZWE3ZXX4.js"
    },
    "chunk-WVE3MB2T": {
      "file": "chunk-WVE3MB2T.js"
    },
    "chunk-PVP7C4DS": {
      "file": "chunk-PVP7C4DS.js"
    },
    "chunk-RXRC473I": {
      "file": "chunk-RXRC473I.js"
    },
    "chunk-KUOPV5YS": {
      "file": "chunk-KUOPV5YS.js"
    },
    "chunk-2UXUBMH3": {
      "file": "chunk-2UXUBMH3.js"
    },
    "chunk-UB6C7KF6": {
      "file": "chunk-UB6C7KF6.js"
    }
  }
}